"zone_id","polygon_provenance","offset","angle_deg","angle_source","mean_aspect_deg","orientation_weight","n_orientation_cells","orientation_resultant_length","transect_id","distance","x","y","elevation_m","slope_deg"
"1","author-created deterministic analytical window",-743.908891458578,84.7831685109776,"surface",185.216831489022,"slope",103666,0.771333888758782,"1_1",0,711490.221178506,1976898,-643.039978027344,9.41529430494408
"1","author-created deterministic analytical window",-743.908891458578,84.7831685109776,"surface",185.216831489022,"slope",103666,0.771333888758782,"1_1",4.50273370862776,711490.630590164,1976902.48408217,-642.546726118538,10.8930981653338
"1","author-created deterministic analytical window",-743.908891458578,84.7831685109776,"surface",185.216831489022,"slope",103666,0.771333888758782,"1_1",9.00546741725551,711491.040001821,1976906.96816435,-641.701671043203,12.8959496926369
"1","author-created deterministic analytical window",-743.908891458578,84.7831685109776,"surface",185.216831489022,"slope",103666,0.771333888758782,"1_1",13.5082011258833,711491.449413479,1976911.45224652,-640.722275817363,6.83368872842983
"1","author-created deterministic analytical window",-743.908891458578,84.7831685109776,"surface",185.216831489022,"slope",103666,0.771333888758782,"1_1",18.010934834511,711491.858825137,1976915.9363287,-640.609985351562,1.8367026743233
"1","author-created deterministic analytical window",-743.908891458578,84.7831685109776,"surface",185.216831489022,"slope",103666,0.771333888758782,"1_1",22.5136685431388,711492.268236794,1976920.42041087,-640.523800353156,7.104873605047
"1","author-created deterministic analytical window",-743.908891458578,84.7831685109776,"surface",185.216831489022,"slope",103666,0.771333888758782,"1_1",27.0164022517665,711492.677648452,1976924.90449305,-639.509587391465,12.5729407151106
"1","author-created deterministic analytical window",-743.908891458578,84.7831685109776,"surface",185.216831489022,"slope",103666,0.771333888758782,"1_1",31.5191359603943,711493.087060109,1976929.38857522,-638.549987792969,6.55120576463755
"1","author-created deterministic analytical window",-743.908891458578,84.7831685109776,"surface",185.216831489022,"slope",103666,0.771333888758782,"1_1",36.021869669022,711493.496471767,1976933.87265739,-638.549987792969,5.50255980402583
"1","author-created deterministic analytical window",-743.908891458578,84.7831685109776,"surface",185.216831489022,"slope",103666,0.771333888758782,"1_1",40.5246033776498,711493.905883424,1976938.35673957,-637.813506677878,13.350810848635
"1","author-created deterministic analytical window",-743.908891458578,84.7831685109776,"surface",185.216831489022,"slope",103666,0.771333888758782,"1_1",45.0273370862776,711494.315295082,1976942.84082174,-636.440666958249,10.668641703101
"1","author-created deterministic analytical window",-743.908891458578,84.7831685109776,"surface",185.216831489022,"slope",103666,0.771333888758782,"1_1",49.5300707949053,711494.72470674,1976947.32490392,-636.090026855469,2.39907649466352
"1","author-created deterministic analytical window",-743.908891458578,84.7831685109776,"surface",185.216831489022,"slope",103666,0.771333888758782,"1_1",54.0328045035331,711495.134118397,1976951.80898609,-636.090026855469,8.27653705344384
"1","author-created deterministic analytical window",-743.908891458578,84.7831685109776,"surface",185.216831489022,"slope",103666,0.771333888758782,"1_1",58.5355382121608,711495.543530055,1976956.29306827,-634.809915586175,13.7452390733346
"1","author-created deterministic analytical window",-743.908891458578,84.7831685109776,"surface",185.216831489022,"slope",103666,0.771333888758782,"1_1",63.0382719207886,711495.952941712,1976960.77715044,-634.049987792969,5.54750305539628
"1","author-created deterministic analytical window",-743.908891458578,84.7831685109776,"surface",185.216831489022,"slope",103666,0.771333888758782,"1_1",67.5410056294163,711496.36235337,1976965.26123261,-634.033682554821,3.23482568058666
"1","author-created deterministic analytical window",-743.908891458578,84.7831685109776,"surface",185.216831489022,"slope",103666,0.771333888758782,"1_1",72.0437393380441,711496.771765027,1976969.74531479,-633.619428264668,10.118989253892
"1","author-created deterministic analytical window",-743.908891458578,84.7831685109776,"surface",185.216831489022,"slope",103666,0.771333888758782,"1_1",76.5464730466718,711497.181176685,1976974.22939696,-632.460554704915,10.2596689150723
"1","author-created deterministic analytical window",-743.908891458578,84.7831685109776,"surface",185.216831489022,"slope",103666,0.771333888758782,"1_1",81.0492067552996,711497.590588342,1976978.71347914,-631.984220614547,3.29758491658969
"1","author-created deterministic analytical window",-743.908891458578,84.7831685109776,"surface",185.216831489022,"slope",103666,0.771333888758782,"1_1",85.5519404639274,711498,1976983.19756131,-631.975006103516,6.50525363215942
"1","author-created deterministic analytical window",-643.908891458578,84.7831685109776,"surface",185.216831489022,"slope",103666,0.771333888758782,"1_2",0,711389.805228628,1976898,-645.691167752105,16.5223432023957
"1","author-created deterministic analytical window",-643.908891458578,84.7831685109776,"surface",185.216831489022,"slope",103666,0.771333888758782,"1_2",62.6280272086723,711395.499690279,1976960.36860507,-634.869995117188,5.39533498576238
"1","author-created deterministic analytical window",-643.908891458578,84.7831685109776,"surface",185.216831489022,"slope",103666,0.771333888758782,"1_2",125.256054417345,711401.19415193,1977022.73721014,-625.803156777403,14.7849256388399
"1","author-created deterministic analytical window",-643.908891458578,84.7831685109776,"surface",185.216831489022,"slope",103666,0.771333888758782,"1_2",187.884081626017,711406.888613581,1977085.10581521,-615.734723379209,9.89978484816682
"1","author-created deterministic analytical window",-643.908891458578,84.7831685109776,"surface",185.216831489022,"slope",103666,0.771333888758782,"1_2",250.512108834689,711412.583075232,1977147.47442029,-607.495260879265,13.0186642503828
"1","author-created deterministic analytical window",-643.908891458578,84.7831685109776,"surface",185.216831489022,"slope",103666,0.771333888758782,"1_2",313.140136043362,711418.277536883,1977209.84302536,-598.716954855631,14.6317356910501
"1","author-created deterministic analytical window",-643.908891458578,84.7831685109776,"surface",185.216831489022,"slope",103666,0.771333888758782,"1_2",375.768163252034,711423.971998535,1977272.21163043,-587.702049390829,6.78099851142973
"1","author-created deterministic analytical window",-643.908891458578,84.7831685109776,"surface",185.216831489022,"slope",103666,0.771333888758782,"1_2",438.396190460706,711429.666460186,1977334.5802355,-577.989990234375,8.6573514671419
"1","author-created deterministic analytical window",-643.908891458578,84.7831685109776,"surface",185.216831489022,"slope",103666,0.771333888758782,"1_2",501.024217669379,711435.360921837,1977396.94884057,-568.105197336151,2.85949001733777
"1","author-created deterministic analytical window",-643.908891458578,84.7831685109776,"surface",185.216831489022,"slope",103666,0.771333888758782,"1_2",563.652244878051,711441.055383488,1977459.31744564,-557.179992675781,4.67005419053267
"1","author-created deterministic analytical window",-643.908891458578,84.7831685109776,"surface",185.216831489022,"slope",103666,0.771333888758782,"1_2",626.280272086723,711446.749845139,1977521.68605071,-545.710021972656,7.49521697150068
"1","author-created deterministic analytical window",-643.908891458578,84.7831685109776,"surface",185.216831489022,"slope",103666,0.771333888758782,"1_2",688.908299295396,711452.44430679,1977584.05465579,-533.65887720622,3.32067910311296
"1","author-created deterministic analytical window",-643.908891458578,84.7831685109776,"surface",185.216831489022,"slope",103666,0.771333888758782,"1_2",751.536326504068,711458.138768442,1977646.42326086,-523.4786042837,13.7613365962567
"1","author-created deterministic analytical window",-643.908891458578,84.7831685109776,"surface",185.216831489022,"slope",103666,0.771333888758782,"1_2",814.16435371274,711463.833230093,1977708.79186593,-509.41735363319,16.2409710686274
"1","author-created deterministic analytical window",-643.908891458578,84.7831685109776,"surface",185.216831489022,"slope",103666,0.771333888758782,"1_2",876.792380921412,711469.527691744,1977771.160471,-499.054266647895,20.3174620202453
"1","author-created deterministic analytical window",-643.908891458578,84.7831685109776,"surface",185.216831489022,"slope",103666,0.771333888758782,"1_2",939.420408130085,711475.222153395,1977833.52907607,-484.358427733976,16.0553520522956
"1","author-created deterministic analytical window",-643.908891458578,84.7831685109776,"surface",185.216831489022,"slope",103666,0.771333888758782,"1_2",1002.04843533876,711480.916615046,1977895.89768114,-471.865418537865,6.03800774101448
"1","author-created deterministic analytical window",-643.908891458578,84.7831685109776,"surface",185.216831489022,"slope",103666,0.771333888758782,"1_2",1064.67646254743,711486.611076698,1977958.26628621,-455.429541772867,13.0110852436361
"1","author-created deterministic analytical window",-643.908891458578,84.7831685109776,"surface",185.216831489022,"slope",103666,0.771333888758782,"1_2",1127.3044897561,711492.305538349,1978020.63489129,-442.209991455078,9.32402717111978
"1","author-created deterministic analytical window",-643.908891458578,84.7831685109776,"surface",185.216831489022,"slope",103666,0.771333888758782,"1_2",1189.93251696477,711498,1978083.00349636,-427.005004882812,5.26957843676719
"1","author-created deterministic analytical window",-543.908891458578,84.7831685109776,"surface",185.216831489022,"slope",103666,0.771333888758782,"1_3",0,711289.389278749,1976898,-653.134779421177,10.8774392997486
"1","author-created deterministic analytical window",-543.908891458578,84.7831685109776,"surface",185.216831489022,"slope",103666,0.771333888758782,"1_3",63.4205999235128,711295.155805179,1976961.15789474,-643.069474483569,10.9803240692042
"1","author-created deterministic analytical window",-543.908891458578,84.7831685109776,"surface",185.216831489022,"slope",103666,0.771333888758782,"1_3",126.841199847026,711300.922331609,1977024.31578947,-631.429992675781,8.22653514984669
"1","author-created deterministic analytical window",-543.908891458578,84.7831685109776,"surface",185.216831489022,"slope",103666,0.771333888758782,"1_3",190.261799770538,711306.688858039,1977087.47368421,-624.201168086736,24.684242977599
"1","author-created deterministic analytical window",-543.908891458578,84.7831685109776,"surface",185.216831489022,"slope",103666,0.771333888758782,"1_3",253.682399694051,711312.455384469,1977150.63157895,-612.837362189027,16.3076438222583
"1","author-created deterministic analytical window",-543.908891458578,84.7831685109776,"surface",185.216831489022,"slope",103666,0.771333888758782,"1_3",317.102999617564,711318.221910899,1977213.78947368,-604.263143439006,18.3707812895175
"1","author-created deterministic analytical window",-543.908891458578,84.7831685109776,"surface",185.216831489022,"slope",103666,0.771333888758782,"1_3",380.523599541077,711323.988437329,1977276.94736842,-590.05606643704,18.2621722719513
"1","author-created deterministic analytical window",-543.908891458578,84.7831685109776,"surface",185.216831489022,"slope",103666,0.771333888758782,"1_3",443.944199464589,711329.754963759,1977340.10526316,-581.547910991442,13.2207593587097
"1","author-created deterministic analytical window",-543.908891458578,84.7831685109776,"surface",185.216831489022,"slope",103666,0.771333888758782,"1_3",507.364799388102,711335.521490189,1977403.26315789,-571.352343107491,17.5538855906912
"1","author-created deterministic analytical window",-543.908891458578,84.7831685109776,"surface",185.216831489022,"slope",103666,0.771333888758782,"1_3",570.785399311615,711341.288016619,1977466.42105263,-560.669228662381,22.4551780382798
"1","author-created deterministic analytical window",-543.908891458578,84.7831685109776,"surface",185.216831489022,"slope",103666,0.771333888758782,"1_3",634.205999235128,711347.054543049,1977529.57894737,-549.149927131292,14.940669927466
"1","author-created deterministic analytical window",-543.908891458578,84.7831685109776,"surface",185.216831489022,"slope",103666,0.771333888758782,"1_3",697.62659915864,711352.821069479,1977592.73684211,-536.915774348438,18.3112812690048
"1","author-created deterministic analytical window",-543.908891458578,84.7831685109776,"surface",185.216831489022,"slope",103666,0.771333888758782,"1_3",761.047199082153,711358.587595909,1977655.89473684,-522.992699059121,14.1277904980616
"1","author-created deterministic analytical window",-543.908891458578,84.7831685109776,"surface",185.216831489022,"slope",103666,0.771333888758782,"1_3",824.467799005666,711364.354122339,1977719.05263158,-510.869995117188,2.78027905459636
"1","author-created deterministic analytical window",-543.908891458578,84.7831685109776,"surface",185.216831489022,"slope",103666,0.771333888758782,"1_3",887.888398929179,711370.120648769,1977782.21052632,-495.978062974758,13.1373429288633
"1","author-created deterministic analytical window",-543.908891458578,84.7831685109776,"surface",185.216831489022,"slope",103666,0.771333888758782,"1_3",951.308998852691,711375.887175199,1977845.36842105,-480.768290598657,10.1605520785404
"1","author-created deterministic analytical window",-543.908891458578,84.7831685109776,"surface",185.216831489022,"slope",103666,0.771333888758782,"1_3",1014.7295987762,711381.653701629,1977908.52631579,-465.660003662109,4.01719064052392
"1","author-created deterministic analytical window",-543.908891458578,84.7831685109776,"surface",185.216831489022,"slope",103666,0.771333888758782,"1_3",1078.15019869972,711387.420228059,1977971.68421053,-447.593906441444,5.83993579240313
"1","author-created deterministic analytical window",-543.908891458578,84.7831685109776,"surface",185.216831489022,"slope",103666,0.771333888758782,"1_3",1141.57079862323,711393.186754489,1978034.84210526,-429.380004882812,6.69571959792188
"1","author-created deterministic analytical window",-543.908891458578,84.7831685109776,"surface",185.216831489022,"slope",103666,0.771333888758782,"1_3",1204.99139854674,711398.953280919,1978098,-413.959991455078,9.48354928878369
"1","author-created deterministic analytical window",-443.908891458578,84.7831685109776,"surface",185.216831489022,"slope",103666,0.771333888758782,"1_4",0,711188.97332887,1976898,-672.039978027344,4.97014334587817
"1","author-created deterministic analytical window",-443.908891458578,84.7831685109776,"surface",185.216831489022,"slope",103666,0.771333888758782,"1_4",63.4205999235133,711194.7398553,1976961.15789474,-661.947351217155,36.065994462684
"1","author-created deterministic analytical window",-443.908891458578,84.7831685109776,"surface",185.216831489022,"slope",103666,0.771333888758782,"1_4",126.841199847027,711200.50638173,1977024.31578947,-651.200012207031,18.4462249751699
"1","author-created deterministic analytical window",-443.908891458578,84.7831685109776,"surface",185.216831489022,"slope",103666,0.771333888758782,"1_4",190.26179977054,711206.27290816,1977087.47368421,-643.656561600531,4.72013506968015
"1","author-created deterministic analytical window",-443.908891458578,84.7831685109776,"surface",185.216831489022,"slope",103666,0.771333888758782,"1_4",253.682399694053,711212.03943459,1977150.63157895,-630.86012687311,31.7481807309292
"1","author-created deterministic analytical window",-443.908891458578,84.7831685109776,"surface",185.216831489022,"slope",103666,0.771333888758782,"1_4",317.102999617567,711217.80596102,1977213.78947368,-617.533437628472,18.0805449062739
"1","author-created deterministic analytical window",-443.908891458578,84.7831685109776,"surface",185.216831489022,"slope",103666,0.771333888758782,"1_4",380.52359954108,711223.57248745,1977276.94736842,-609.979725084797,21.8215987835034
"1","author-created deterministic analytical window",-443.908891458578,84.7831685109776,"surface",185.216831489022,"slope",103666,0.771333888758782,"1_4",443.944199464593,711229.33901388,1977340.10526316,-596.083590916666,27.96803242573
"1","author-created deterministic analytical window",-443.908891458578,84.7831685109776,"surface",185.216831489022,"slope",103666,0.771333888758782,"1_4",507.364799388106,711235.10554031,1977403.26315789,-586.287952657325,23.7211381233668
"1","author-created deterministic analytical window",-443.908891458578,84.7831685109776,"surface",185.216831489022,"slope",103666,0.771333888758782,"1_4",570.78539931162,711240.87206674,1977466.42105263,-572.384922822636,21.0543243159788
"1","author-created deterministic analytical window",-443.908891458578,84.7831685109776,"surface",185.216831489022,"slope",103666,0.771333888758782,"1_4",634.205999235133,711246.63859317,1977529.57894737,-556.062715404917,19.0943443012978
"1","author-created deterministic analytical window",-443.908891458578,84.7831685109776,"surface",185.216831489022,"slope",103666,0.771333888758782,"1_4",697.626599158646,711252.4051196,1977592.73684211,-545.623152883453,9.0967327006491
"1","author-created deterministic analytical window",-443.908891458578,84.7831685109776,"surface",185.216831489022,"slope",103666,0.771333888758782,"1_4",761.04719908216,711258.17164603,1977655.89473684,-529.667110465118,23.6446663943516
"1","author-created deterministic analytical window",-443.908891458578,84.7831685109776,"surface",185.216831489022,"slope",103666,0.771333888758782,"1_4",824.467799005673,711263.93817246,1977719.05263158,-518.262599506008,16.9626528628846
"1","author-created deterministic analytical window",-443.908891458578,84.7831685109776,"surface",185.216831489022,"slope",103666,0.771333888758782,"1_4",887.888398929186,711269.70469889,1977782.21052632,-507.790008544922,11.9750092243178
"1","author-created deterministic analytical window",-443.908891458578,84.7831685109776,"surface",185.216831489022,"slope",103666,0.771333888758782,"1_4",951.3089988527,711275.47122532,1977845.36842105,-490.023551479519,12.7203875716315
"1","author-created deterministic analytical window",-443.908891458578,84.7831685109776,"surface",185.216831489022,"slope",103666,0.771333888758782,"1_4",1014.72959877621,711281.23775175,1977908.52631579,-471.359107017076,7.25520542574928
"1","author-created deterministic analytical window",-443.908891458578,84.7831685109776,"surface",185.216831489022,"slope",103666,0.771333888758782,"1_4",1078.15019869973,711287.00427818,1977971.68421053,-450.5,2.87667259970142
"1","author-created deterministic analytical window",-443.908891458578,84.7831685109776,"surface",185.216831489022,"slope",103666,0.771333888758782,"1_4",1141.57079862324,711292.77080461,1978034.84210526,-434.229373254269,10.2824548474369
"1","author-created deterministic analytical window",-443.908891458578,84.7831685109776,"surface",185.216831489022,"slope",103666,0.771333888758782,"1_4",1204.99139854675,711298.53733104,1978098,-414.630004882812,11.7098040077507
"1","author-created deterministic analytical window",-343.908891458578,84.7831685109776,"surface",185.216831489022,"slope",103666,0.771333888758782,"1_5",0,711088.557378991,1976898,-707.489990234375,1.00542707181943
"1","author-created deterministic analytical window",-343.908891458578,84.7831685109776,"surface",185.216831489022,"slope",103666,0.771333888758782,"1_5",63.4205999235133,711094.323905421,1976961.15789474,-698.390014648438,14.1292176217558
"1","author-created deterministic analytical window",-343.908891458578,84.7831685109776,"surface",185.216831489022,"slope",103666,0.771333888758782,"1_5",126.841199847027,711100.090431851,1977024.31578947,-684.519427915347,37.0458402598964
"1","author-created deterministic analytical window",-343.908891458578,84.7831685109776,"surface",185.216831489022,"slope",103666,0.771333888758782,"1_5",190.26179977054,711105.856958281,1977087.47368421,-671.548447458349,20.001875697019
"1","author-created deterministic analytical window",-343.908891458578,84.7831685109776,"surface",185.216831489022,"slope",103666,0.771333888758782,"1_5",253.682399694053,711111.623484711,1977150.63157895,-660.295535438917,17.2858525220262
"1","author-created deterministic analytical window",-343.908891458578,84.7831685109776,"surface",185.216831489022,"slope",103666,0.771333888758782,"1_5",317.102999617567,711117.390011141,1977213.78947368,-649.200868776521,30.3984736389468
"1","author-created deterministic analytical window",-343.908891458578,84.7831685109776,"surface",185.216831489022,"slope",103666,0.771333888758782,"1_5",380.52359954108,711123.156537571,1977276.94736842,-633.685766922792,15.1701092512236
"1","author-created deterministic analytical window",-343.908891458578,84.7831685109776,"surface",185.216831489022,"slope",103666,0.771333888758782,"1_5",443.944199464593,711128.923064001,1977340.10526316,-623.964894579879,19.5037418771583
"1","author-created deterministic analytical window",-343.908891458578,84.7831685109776,"surface",185.216831489022,"slope",103666,0.771333888758782,"1_5",507.364799388106,711134.689590431,1977403.26315789,-611.988033754774,14.4178046620879
"1","author-created deterministic analytical window",-343.908891458578,84.7831685109776,"surface",185.216831489022,"slope",103666,0.771333888758782,"1_5",570.78539931162,711140.456116861,1977466.42105263,-601.071565326816,22.3558667856307
"1","author-created deterministic analytical window",-343.908891458578,84.7831685109776,"surface",185.216831489022,"slope",103666,0.771333888758782,"1_5",634.205999235133,711146.222643291,1977529.57894737,-588.894463549035,21.7459256790394
"1","author-created deterministic analytical window",-343.908891458578,84.7831685109776,"surface",185.216831489022,"slope",103666,0.771333888758782,"1_5",697.626599158646,711151.989169721,1977592.73684211,-572.80207073045,16.7234164364155
"1","author-created deterministic analytical window",-343.908891458578,84.7831685109776,"surface",185.216831489022,"slope",103666,0.771333888758782,"1_5",761.04719908216,711157.755696151,1977655.89473684,-560.47998046875,17.04015812383
"1","author-created deterministic analytical window",-343.908891458578,84.7831685109776,"surface",185.216831489022,"slope",103666,0.771333888758782,"1_5",824.467799005673,711163.522222581,1977719.05263158,-545.29971241171,19.2408460856457
"1","author-created deterministic analytical window",-343.908891458578,84.7831685109776,"surface",185.216831489022,"slope",103666,0.771333888758782,"1_5",887.888398929186,711169.288749011,1977782.21052632,-526.747798683027,14.505883364934
"1","author-created deterministic analytical window",-343.908891458578,84.7831685109776,"surface",185.216831489022,"slope",103666,0.771333888758782,"1_5",951.3089988527,711175.055275441,1977845.36842105,-509.059997558594,7.32468000711574
"1","author-created deterministic analytical window",-343.908891458578,84.7831685109776,"surface",185.216831489022,"slope",103666,0.771333888758782,"1_5",1014.72959877621,711180.821801871,1977908.52631579,-492.27054705869,9.97491122732813
"1","author-created deterministic analytical window",-343.908891458578,84.7831685109776,"surface",185.216831489022,"slope",103666,0.771333888758782,"1_5",1078.15019869973,711186.588328301,1977971.68421053,-468.609985351562,7.86626960987397
"1","author-created deterministic analytical window",-343.908891458578,84.7831685109776,"surface",185.216831489022,"slope",103666,0.771333888758782,"1_5",1141.57079862324,711192.354854731,1978034.84210526,-449.501696055721,9.62668505413176
"1","author-created deterministic analytical window",-343.908891458578,84.7831685109776,"surface",185.216831489022,"slope",103666,0.771333888758782,"1_5",1204.99139854675,711198.121381162,1978098,-426.422493158994,16.674047208445
"1","author-created deterministic analytical window",-243.908891458578,84.7831685109776,"surface",185.216831489022,"slope",103666,0.771333888758782,"1_6",0,710988.141429112,1976898,-707.050181046238,13.0758278358838
"1","author-created deterministic analytical window",-243.908891458578,84.7831685109776,"surface",185.216831489022,"slope",103666,0.771333888758782,"1_6",63.4205999235133,710993.907955542,1976961.15789474,-694.97998046875,6.27846363941693
"1","author-created deterministic analytical window",-243.908891458578,84.7831685109776,"surface",185.216831489022,"slope",103666,0.771333888758782,"1_6",126.841199847027,710999.674481972,1977024.31578947,-682.419982910156,13.5310549757934
"1","author-created deterministic analytical window",-243.908891458578,84.7831685109776,"surface",185.216831489022,"slope",103666,0.771333888758782,"1_6",190.26179977054,711005.441008402,1977087.47368421,-669.775863434762,13.9862898861712
"1","author-created deterministic analytical window",-243.908891458578,84.7831685109776,"surface",185.216831489022,"slope",103666,0.771333888758782,"1_6",253.682399694053,711011.207534832,1977150.63157895,-656.341589676681,17.1546212611927
"1","author-created deterministic analytical window",-243.908891458578,84.7831685109776,"surface",185.216831489022,"slope",103666,0.771333888758782,"1_6",317.102999617567,711016.974061262,1977213.78947368,-644.341117157376,9.62805102985078
"1","author-created deterministic analytical window",-243.908891458578,84.7831685109776,"surface",185.216831489022,"slope",103666,0.771333888758782,"1_6",380.52359954108,711022.740587692,1977276.94736842,-632.798317638383,17.0576937242385
"1","author-created deterministic analytical window",-243.908891458578,84.7831685109776,"surface",185.216831489022,"slope",103666,0.771333888758782,"1_6",443.944199464593,711028.507114122,1977340.10526316,-620.367645263654,16.7168312620019
"1","author-created deterministic analytical window",-243.908891458578,84.7831685109776,"surface",185.216831489022,"slope",103666,0.771333888758782,"1_6",507.364799388106,711034.273640552,1977403.26315789,-608.606272791385,15.6883642165298
"1","author-created deterministic analytical window",-243.908891458578,84.7831685109776,"surface",185.216831489022,"slope",103666,0.771333888758782,"1_6",570.78539931162,711040.040166982,1977466.42105263,-597.810497808915,14.5626374752463
"1","author-created deterministic analytical window",-243.908891458578,84.7831685109776,"surface",185.216831489022,"slope",103666,0.771333888758782,"1_6",634.205999235133,711045.806693412,1977529.57894737,-585.255807977035,20.2775679292531
"1","author-created deterministic analytical window",-243.908891458578,84.7831685109776,"surface",185.216831489022,"slope",103666,0.771333888758782,"1_6",697.626599158646,711051.573219842,1977592.73684211,-572.059977567251,17.326346025736
"1","author-created deterministic analytical window",-243.908891458578,84.7831685109776,"surface",185.216831489022,"slope",103666,0.771333888758782,"1_6",761.04719908216,711057.339746272,1977655.89473684,-558.015269577417,14.5257220267114
"1","author-created deterministic analytical window",-243.908891458578,84.7831685109776,"surface",185.216831489022,"slope",103666,0.771333888758782,"1_6",824.467799005673,711063.106272702,1977719.05263158,-543.830017089844,12.4276299606733
"1","author-created deterministic analytical window",-243.908891458578,84.7831685109776,"surface",185.216831489022,"slope",103666,0.771333888758782,"1_6",887.888398929186,711068.872799132,1977782.21052632,-527.043140710484,11.9219122369037
"1","author-created deterministic analytical window",-243.908891458578,84.7831685109776,"surface",185.216831489022,"slope",103666,0.771333888758782,"1_6",951.3089988527,711074.639325562,1977845.36842105,-507.432689187176,14.8795836522383
"1","author-created deterministic analytical window",-243.908891458578,84.7831685109776,"surface",185.216831489022,"slope",103666,0.771333888758782,"1_6",1014.72959877621,711080.405851992,1977908.52631579,-488.848416839833,4.56814455885677
"1","author-created deterministic analytical window",-243.908891458578,84.7831685109776,"surface",185.216831489022,"slope",103666,0.771333888758782,"1_6",1078.15019869973,711086.172378422,1977971.68421053,-470.471294402375,12.2497609759723
"1","author-created deterministic analytical window",-243.908891458578,84.7831685109776,"surface",185.216831489022,"slope",103666,0.771333888758782,"1_6",1141.57079862324,711091.938904852,1978034.84210526,-451.820007324219,8.6245214343819
"1","author-created deterministic analytical window",-243.908891458578,84.7831685109776,"surface",185.216831489022,"slope",103666,0.771333888758782,"1_6",1204.99139854675,711097.705431283,1978098,-428.667609468318,11.7151149409249
"1","author-created deterministic analytical window",-143.908891458578,84.7831685109776,"surface",185.216831489022,"slope",103666,0.771333888758782,"1_7",0,710887.725479233,1976898,-710.330017089844,9.06278491526468
"1","author-created deterministic analytical window",-143.908891458578,84.7831685109776,"surface",185.216831489022,"slope",103666,0.771333888758782,"1_7",63.4205999235128,710893.492005663,1976961.15789474,-698.164129576443,12.5267426866498
"1","author-created deterministic analytical window",-143.908891458578,84.7831685109776,"surface",185.216831489022,"slope",103666,0.771333888758782,"1_7",126.841199847026,710899.258532093,1977024.31578947,-685.47998046875,12.1825657549655
"1","author-created deterministic analytical window",-143.908891458578,84.7831685109776,"surface",185.216831489022,"slope",103666,0.771333888758782,"1_7",190.261799770538,710905.025058523,1977087.47368421,-670.993520176992,5.75090857783672
"1","author-created deterministic analytical window",-143.908891458578,84.7831685109776,"surface",185.216831489022,"slope",103666,0.771333888758782,"1_7",253.682399694051,710910.791584953,1977150.63157895,-656.269036206165,19.3529023134349
"1","author-created deterministic analytical window",-143.908891458578,84.7831685109776,"surface",185.216831489022,"slope",103666,0.771333888758782,"1_7",317.102999617564,710916.558111383,1977213.78947368,-644.038691470479,14.456600163224
"1","author-created deterministic analytical window",-143.908891458578,84.7831685109776,"surface",185.216831489022,"slope",103666,0.771333888758782,"1_7",380.523599541077,710922.324637813,1977276.94736842,-631.380544811251,19.1143752327295
"1","author-created deterministic analytical window",-143.908891458578,84.7831685109776,"surface",185.216831489022,"slope",103666,0.771333888758782,"1_7",443.944199464589,710928.091164243,1977340.10526316,-617.401600084759,19.5460600478584
"1","author-created deterministic analytical window",-143.908891458578,84.7831685109776,"surface",185.216831489022,"slope",103666,0.771333888758782,"1_7",507.364799388102,710933.857690673,1977403.26315789,-603.178924560511,19.8937979555494
"1","author-created deterministic analytical window",-143.908891458578,84.7831685109776,"surface",185.216831489022,"slope",103666,0.771333888758782,"1_7",570.785399311615,710939.624217103,1977466.42105263,-588.435647757958,20.1545881920596
"1","author-created deterministic analytical window",-143.908891458578,84.7831685109776,"surface",185.216831489022,"slope",103666,0.771333888758782,"1_7",634.205999235128,710945.390743533,1977529.57894737,-572.971387655148,16.6879364563479
"1","author-created deterministic analytical window",-143.908891458578,84.7831685109776,"surface",185.216831489022,"slope",103666,0.771333888758782,"1_7",697.62659915864,710951.157269963,1977592.73684211,-560.559228194433,19.5166161812298
"1","author-created deterministic analytical window",-143.908891458578,84.7831685109776,"surface",185.216831489022,"slope",103666,0.771333888758782,"1_7",761.047199082153,710956.923796393,1977655.89473684,-545.7110177952,10.3647655738872
"1","author-created deterministic analytical window",-143.908891458578,84.7831685109776,"surface",185.216831489022,"slope",103666,0.771333888758782,"1_7",824.467799005666,710962.690322823,1977719.05263158,-531.100418868635,16.8862516264123
"1","author-created deterministic analytical window",-143.908891458578,84.7831685109776,"surface",185.216831489022,"slope",103666,0.771333888758782,"1_7",887.888398929179,710968.456849254,1977782.21052632,-515.436771553409,12.3170209924124
"1","author-created deterministic analytical window",-143.908891458578,84.7831685109776,"surface",185.216831489022,"slope",103666,0.771333888758782,"1_7",951.308998852691,710974.223375684,1977845.36842105,-499.251802015555,14.620465050479
"1","author-created deterministic analytical window",-143.908891458578,84.7831685109776,"surface",185.216831489022,"slope",103666,0.771333888758782,"1_7",1014.7295987762,710979.989902114,1977908.52631579,-484.108766303186,11.0263385514442
"1","author-created deterministic analytical window",-143.908891458578,84.7831685109776,"surface",185.216831489022,"slope",103666,0.771333888758782,"1_7",1078.15019869972,710985.756428544,1977971.68421053,-462.83835909605,9.50599732139202
"1","author-created deterministic analytical window",-143.908891458578,84.7831685109776,"surface",185.216831489022,"slope",103666,0.771333888758782,"1_7",1141.57079862323,710991.522954974,1978034.84210526,-443.464590009145,16.2491251032356
"1","author-created deterministic analytical window",-143.908891458578,84.7831685109776,"surface",185.216831489022,"slope",103666,0.771333888758782,"1_7",1204.99139854674,710997.289481404,1978098,-423.660003662109,21.8167507702406
"1","author-created deterministic analytical window",-43.9088914585775,84.7831685109776,"surface",185.216831489022,"slope",103666,0.771333888758782,"1_8",0,710787.309529354,1976898,-717.349975585938,4.48724026679432
"1","author-created deterministic analytical window",-43.9088914585775,84.7831685109776,"surface",185.216831489022,"slope",103666,0.771333888758782,"1_8",63.4205999235128,710793.076055784,1976961.15789474,-704.607050514359,8.08478966267762
"1","author-created deterministic analytical window",-43.9088914585775,84.7831685109776,"surface",185.216831489022,"slope",103666,0.771333888758782,"1_8",126.841199847026,710798.842582214,1977024.31578947,-690.482490657356,15.8818019012338
"1","author-created deterministic analytical window",-43.9088914585775,84.7831685109776,"surface",185.216831489022,"slope",103666,0.771333888758782,"1_8",190.261799770538,710804.609108644,1977087.47368421,-678.307353772601,12.0280898574037
"1","author-created deterministic analytical window",-43.9088914585775,84.7831685109776,"surface",185.216831489022,"slope",103666,0.771333888758782,"1_8",253.682399694051,710810.375635074,1977150.63157895,-664.647616747712,8.56845182825098
"1","author-created deterministic analytical window",-43.9088914585775,84.7831685109776,"surface",185.216831489022,"slope",103666,0.771333888758782,"1_8",317.102999617564,710816.142161504,1977213.78947368,-652.456828870226,24.427072532349
"1","author-created deterministic analytical window",-43.9088914585775,84.7831685109776,"surface",185.216831489022,"slope",103666,0.771333888758782,"1_8",380.523599541077,710821.908687934,1977276.94736842,-637.307883814709,25.2321732131579
"1","author-created deterministic analytical window",-43.9088914585775,84.7831685109776,"surface",185.216831489022,"slope",103666,0.771333888758782,"1_8",443.944199464589,710827.675214364,1977340.10526316,-618.204625430557,34.5830778172919
"1","author-created deterministic analytical window",-43.9088914585775,84.7831685109776,"surface",185.216831489022,"slope",103666,0.771333888758782,"1_8",507.364799388102,710833.441740794,1977403.26315789,-601.292266956412,27.4431574148647
"1","author-created deterministic analytical window",-43.9088914585775,84.7831685109776,"surface",185.216831489022,"slope",103666,0.771333888758782,"1_8",570.785399311615,710839.208267224,1977466.42105263,-586.442896792715,26.6947969693293
"1","author-created deterministic analytical window",-43.9088914585775,84.7831685109776,"surface",185.216831489022,"slope",103666,0.771333888758782,"1_8",634.205999235128,710844.974793654,1977529.57894737,-570.928622907513,19.9690982835569
"1","author-created deterministic analytical window",-43.9088914585775,84.7831685109776,"surface",185.216831489022,"slope",103666,0.771333888758782,"1_8",697.62659915864,710850.741320084,1977592.73684211,-554.065091633929,23.6015224209313
"1","author-created deterministic analytical window",-43.9088914585775,84.7831685109776,"surface",185.216831489022,"slope",103666,0.771333888758782,"1_8",761.047199082153,710856.507846514,1977655.89473684,-539.759711096788,19.1738834289729
"1","author-created deterministic analytical window",-43.9088914585775,84.7831685109776,"surface",185.216831489022,"slope",103666,0.771333888758782,"1_8",824.467799005666,710862.274372944,1977719.05263158,-523.970676825098,12.0792252812744
"1","author-created deterministic analytical window",-43.9088914585775,84.7831685109776,"surface",185.216831489022,"slope",103666,0.771333888758782,"1_8",887.888398929179,710868.040899375,1977782.21052632,-508.869995117188,12.7368531060369
"1","author-created deterministic analytical window",-43.9088914585775,84.7831685109776,"surface",185.216831489022,"slope",103666,0.771333888758782,"1_8",951.308998852691,710873.807425805,1977845.36842105,-492.503695390405,9.22557992585922
"1","author-created deterministic analytical window",-43.9088914585775,84.7831685109776,"surface",185.216831489022,"slope",103666,0.771333888758782,"1_8",1014.7295987762,710879.573952235,1977908.52631579,-473.143058034605,15.9878438152398
"1","author-created deterministic analytical window",-43.9088914585775,84.7831685109776,"surface",185.216831489022,"slope",103666,0.771333888758782,"1_8",1078.15019869972,710885.340478665,1977971.68421053,-452.910003662109,3.30422200685158
"1","author-created deterministic analytical window",-43.9088914585775,84.7831685109776,"surface",185.216831489022,"slope",103666,0.771333888758782,"1_8",1141.57079862323,710891.107005095,1978034.84210526,-430.94241169953,13.6623615179358
"1","author-created deterministic analytical window",-43.9088914585775,84.7831685109776,"surface",185.216831489022,"slope",103666,0.771333888758782,"1_8",1204.99139854674,710896.873531525,1978098,-411.309997558594,8.0496108077901
"1","author-created deterministic analytical window",56.0911085414225,84.7831685109776,"surface",185.216831489022,"slope",103666,0.771333888758782,"1_9",0,710686.893579475,1976898,-709.560198720864,11.4999403937596
"1","author-created deterministic analytical window",56.0911085414225,84.7831685109776,"surface",185.216831489022,"slope",103666,0.771333888758782,"1_9",63.4205999235128,710692.660105905,1976961.15789474,-698.400024414062,10.2099967584045
"1","author-created deterministic analytical window",56.0911085414225,84.7831685109776,"surface",185.216831489022,"slope",103666,0.771333888758782,"1_9",126.841199847026,710698.426632335,1977024.31578947,-688.366368039822,19.437306387483
"1","author-created deterministic analytical window",56.0911085414225,84.7831685109776,"surface",185.216831489022,"slope",103666,0.771333888758782,"1_9",190.261799770538,710704.193158765,1977087.47368421,-678.136834395553,6.92616088703797
"1","author-created deterministic analytical window",56.0911085414225,84.7831685109776,"surface",185.216831489022,"slope",103666,0.771333888758782,"1_9",253.682399694051,710709.959685195,1977150.63157895,-666.941072162823,7.59510459531108
"1","author-created deterministic analytical window",56.0911085414225,84.7831685109776,"surface",185.216831489022,"slope",103666,0.771333888758782,"1_9",317.102999617564,710715.726211625,1977213.78947368,-655.057913155281,13.9053789919079
"1","author-created deterministic analytical window",56.0911085414225,84.7831685109776,"surface",185.216831489022,"slope",103666,0.771333888758782,"1_9",380.523599541077,710721.492738055,1977276.94736842,-644.279222990314,15.8183175550347
"1","author-created deterministic analytical window",56.0911085414225,84.7831685109776,"surface",185.216831489022,"slope",103666,0.771333888758782,"1_9",443.944199464589,710727.259264485,1977340.10526316,-630.472346255599,33.8685121160867
"1","author-created deterministic analytical window",56.0911085414225,84.7831685109776,"surface",185.216831489022,"slope",103666,0.771333888758782,"1_9",507.364799388102,710733.025790915,1977403.26315789,-610.047737287785,13.8872232643025
"1","author-created deterministic analytical window",56.0911085414225,84.7831685109776,"surface",185.216831489022,"slope",103666,0.771333888758782,"1_9",570.785399311615,710738.792317346,1977466.42105263,-594.805626966534,20.6544707320775
"1","author-created deterministic analytical window",56.0911085414225,84.7831685109776,"surface",185.216831489022,"slope",103666,0.771333888758782,"1_9",634.205999235128,710744.558843776,1977529.57894737,-578.718532861145,28.6174817632281
"1","author-created deterministic analytical window",56.0911085414225,84.7831685109776,"surface",185.216831489022,"slope",103666,0.771333888758782,"1_9",697.62659915864,710750.325370206,1977592.73684211,-561.237516923335,19.1806001875496
"1","author-created deterministic analytical window",56.0911085414225,84.7831685109776,"surface",185.216831489022,"slope",103666,0.771333888758782,"1_9",761.047199082153,710756.091896636,1977655.89473684,-545.469970703125,13.4098344553525
"1","author-created deterministic analytical window",56.0911085414225,84.7831685109776,"surface",185.216831489022,"slope",103666,0.771333888758782,"1_9",824.467799005666,710761.858423066,1977719.05263158,-528.316572874178,16.9641729609193
"1","author-created deterministic analytical window",56.0911085414225,84.7831685109776,"surface",185.216831489022,"slope",103666,0.771333888758782,"1_9",887.888398929179,710767.624949496,1977782.21052632,-507.880643634856,14.073627689989
"1","author-created deterministic analytical window",56.0911085414225,84.7831685109776,"surface",185.216831489022,"slope",103666,0.771333888758782,"1_9",951.308998852691,710773.391475926,1977845.36842105,-490.010009765625,11.3763574589375
"1","author-created deterministic analytical window",56.0911085414225,84.7831685109776,"surface",185.216831489022,"slope",103666,0.771333888758782,"1_9",1014.7295987762,710779.158002356,1977908.52631579,-472.14998075358,10.89092134968
"1","author-created deterministic analytical window",56.0911085414225,84.7831685109776,"surface",185.216831489022,"slope",103666,0.771333888758782,"1_9",1078.15019869972,710784.924528786,1977971.68421053,-452.429992675781,10.922967517675
"1","author-created deterministic analytical window",56.0911085414225,84.7831685109776,"surface",185.216831489022,"slope",103666,0.771333888758782,"1_9",1141.57079862323,710790.691055216,1978034.84210526,-430.890014648438,12.9332647745739
"1","author-created deterministic analytical window",56.0911085414225,84.7831685109776,"surface",185.216831489022,"slope",103666,0.771333888758782,"1_9",1204.99139854674,710796.457581646,1978098,-409.404026941718,14.5341098074466
"1","author-created deterministic analytical window",156.091108541422,84.7831685109776,"surface",185.216831489022,"slope",103666,0.771333888758782,"1_10",0,710586.477629596,1976898,-698.32746350703,10.1510606586132
"1","author-created deterministic analytical window",156.091108541422,84.7831685109776,"surface",185.216831489022,"slope",103666,0.771333888758782,"1_10",63.4205999235133,710592.244156026,1976961.15789474,-689.320007324219,13.6052957899754
"1","author-created deterministic analytical window",156.091108541422,84.7831685109776,"surface",185.216831489022,"slope",103666,0.771333888758782,"1_10",126.841199847027,710598.010682456,1977024.31578947,-678.849975585938,8.2132910777041
"1","author-created deterministic analytical window",156.091108541422,84.7831685109776,"surface",185.216831489022,"slope",103666,0.771333888758782,"1_10",190.26179977054,710603.777208886,1977087.47368421,-666.198191644625,12.217777056495
"1","author-created deterministic analytical window",156.091108541422,84.7831685109776,"surface",185.216831489022,"slope",103666,0.771333888758782,"1_10",253.682399694053,710609.543735316,1977150.63157895,-649.6215579384,17.9569572813211
"1","author-created deterministic analytical window",156.091108541422,84.7831685109776,"surface",185.216831489022,"slope",103666,0.771333888758782,"1_10",317.102999617567,710615.310261746,1977213.78947368,-635.52712209599,16.5790553252299
"1","author-created deterministic analytical window",156.091108541422,84.7831685109776,"surface",185.216831489022,"slope",103666,0.771333888758782,"1_10",380.52359954108,710621.076788176,1977276.94736842,-623.491448912502,21.1633240755813
"1","author-created deterministic analytical window",156.091108541422,84.7831685109776,"surface",185.216831489022,"slope",103666,0.771333888758782,"1_10",443.944199464593,710626.843314606,1977340.10526316,-612.763935289855,14.2954585310652
"1","author-created deterministic analytical window",156.091108541422,84.7831685109776,"surface",185.216831489022,"slope",103666,0.771333888758782,"1_10",507.364799388106,710632.609841036,1977403.26315789,-601.505842213578,26.8038720828278
"1","author-created deterministic analytical window",156.091108541422,84.7831685109776,"surface",185.216831489022,"slope",103666,0.771333888758782,"1_10",570.78539931162,710638.376367467,1977466.42105263,-588.973269992797,17.3085478155698
"1","author-created deterministic analytical window",156.091108541422,84.7831685109776,"surface",185.216831489022,"slope",103666,0.771333888758782,"1_10",634.205999235133,710644.142893897,1977529.57894737,-579.19080071709,28.1085310242043
"1","author-created deterministic analytical window",156.091108541422,84.7831685109776,"surface",185.216831489022,"slope",103666,0.771333888758782,"1_10",697.626599158646,710649.909420327,1977592.73684211,-564.247138291863,24.0514184431367
"1","author-created deterministic analytical window",156.091108541422,84.7831685109776,"surface",185.216831489022,"slope",103666,0.771333888758782,"1_10",761.04719908216,710655.675946757,1977655.89473684,-544.918515833397,20.7665447897152
"1","author-created deterministic analytical window",156.091108541422,84.7831685109776,"surface",185.216831489022,"slope",103666,0.771333888758782,"1_10",824.467799005673,710661.442473187,1977719.05263158,-529.710021972656,13.7709008853277
"1","author-created deterministic analytical window",156.091108541422,84.7831685109776,"surface",185.216831489022,"slope",103666,0.771333888758782,"1_10",887.888398929186,710667.208999617,1977782.21052632,-510.26779678444,13.5455929360997
"1","author-created deterministic analytical window",156.091108541422,84.7831685109776,"surface",185.216831489022,"slope",103666,0.771333888758782,"1_10",951.3089988527,710672.975526047,1977845.36842105,-490.032440473564,13.1333569835849
"1","author-created deterministic analytical window",156.091108541422,84.7831685109776,"surface",185.216831489022,"slope",103666,0.771333888758782,"1_10",1014.72959877621,710678.742052477,1977908.52631579,-469.950012207031,7.50264979962426
"1","author-created deterministic analytical window",156.091108541422,84.7831685109776,"surface",185.216831489022,"slope",103666,0.771333888758782,"1_10",1078.15019869973,710684.508578907,1977971.68421053,-450.639145326748,8.79502587577912
"1","author-created deterministic analytical window",156.091108541422,84.7831685109776,"surface",185.216831489022,"slope",103666,0.771333888758782,"1_10",1141.57079862324,710690.275105337,1978034.84210526,-426.579986572266,13.699992442523
"1","author-created deterministic analytical window",156.091108541422,84.7831685109776,"surface",185.216831489022,"slope",103666,0.771333888758782,"1_10",1204.99139854675,710696.041631767,1978098,-404.534994705675,9.15413833920554
"1","author-created deterministic analytical window",256.091108541422,84.7831685109776,"surface",185.216831489022,"slope",103666,0.771333888758782,"1_11",0,710486.061679717,1976898,-675.070007324219,11.5278635102503
"1","author-created deterministic analytical window",256.091108541422,84.7831685109776,"surface",185.216831489022,"slope",103666,0.771333888758782,"1_11",63.4205999235133,710491.828206147,1976961.15789474,-675.078205027835,36.1085887162905
"1","author-created deterministic analytical window",256.091108541422,84.7831685109776,"surface",185.216831489022,"slope",103666,0.771333888758782,"1_11",126.841199847027,710497.594732577,1977024.31578947,-671.219970703125,7.70606244525556
"1","author-created deterministic analytical window",256.091108541422,84.7831685109776,"surface",185.216831489022,"slope",103666,0.771333888758782,"1_11",190.26179977054,710503.361259007,1977087.47368421,-661.182639674133,9.93851758983759
"1","author-created deterministic analytical window",256.091108541422,84.7831685109776,"surface",185.216831489022,"slope",103666,0.771333888758782,"1_11",253.682399694053,710509.127785438,1977150.63157895,-651.871434253886,16.3978739083426
"1","author-created deterministic analytical window",256.091108541422,84.7831685109776,"surface",185.216831489022,"slope",103666,0.771333888758782,"1_11",317.102999617567,710514.894311868,1977213.78947368,-636.452617444463,18.7384218505345
"1","author-created deterministic analytical window",256.091108541422,84.7831685109776,"surface",185.216831489022,"slope",103666,0.771333888758782,"1_11",380.52359954108,710520.660838298,1977276.94736842,-620.613521565248,21.8667535120332
"1","author-created deterministic analytical window",256.091108541422,84.7831685109776,"surface",185.216831489022,"slope",103666,0.771333888758782,"1_11",443.944199464593,710526.427364728,1977340.10526316,-605.42393071155,23.894757964161
"1","author-created deterministic analytical window",256.091108541422,84.7831685109776,"surface",185.216831489022,"slope",103666,0.771333888758782,"1_11",507.364799388106,710532.193891158,1977403.26315789,-589.749468351615,21.610692754611
"1","author-created deterministic analytical window",256.091108541422,84.7831685109776,"surface",185.216831489022,"slope",103666,0.771333888758782,"1_11",570.78539931162,710537.960417588,1977466.42105263,-575.752562633641,6.76981297627047
"1","author-created deterministic analytical window",256.091108541422,84.7831685109776,"surface",185.216831489022,"slope",103666,0.771333888758782,"1_11",634.205999235133,710543.726944018,1977529.57894737,-563.265879080527,17.2050293035406
"1","author-created deterministic analytical window",256.091108541422,84.7831685109776,"surface",185.216831489022,"slope",103666,0.771333888758782,"1_11",697.626599158646,710549.493470448,1977592.73684211,-548.479463276153,15.1574123381824
"1","author-created deterministic analytical window",256.091108541422,84.7831685109776,"surface",185.216831489022,"slope",103666,0.771333888758782,"1_11",761.04719908216,710555.259996878,1977655.89473684,-533.129959622333,14.0558442929864
"1","author-created deterministic analytical window",256.091108541422,84.7831685109776,"surface",185.216831489022,"slope",103666,0.771333888758782,"1_11",824.467799005673,710561.026523308,1977719.05263158,-517.994923887481,14.5992080788607
"1","author-created deterministic analytical window",256.091108541422,84.7831685109776,"surface",185.216831489022,"slope",103666,0.771333888758782,"1_11",887.888398929186,710566.793049738,1977782.21052632,-503.940002441406,9.13465411284279
"1","author-created deterministic analytical window",256.091108541422,84.7831685109776,"surface",185.216831489022,"slope",103666,0.771333888758782,"1_11",951.3089988527,710572.559576168,1977845.36842105,-484.997164376061,15.5263769488415
"1","author-created deterministic analytical window",256.091108541422,84.7831685109776,"surface",185.216831489022,"slope",103666,0.771333888758782,"1_11",1014.72959877621,710578.326102598,1977908.52631579,-467.605108598591,5.7230602735783
"1","author-created deterministic analytical window",256.091108541422,84.7831685109776,"surface",185.216831489022,"slope",103666,0.771333888758782,"1_11",1078.15019869973,710584.092629028,1977971.68421053,-445.954591626392,5.12115099137205
"1","author-created deterministic analytical window",256.091108541422,84.7831685109776,"surface",185.216831489022,"slope",103666,0.771333888758782,"1_11",1141.57079862324,710589.859155458,1978034.84210526,-425.583950422785,15.6277952583624
"1","author-created deterministic analytical window",256.091108541422,84.7831685109776,"surface",185.216831489022,"slope",103666,0.771333888758782,"1_11",1204.99139854675,710595.625681888,1978098,-402.619995117188,18.0375392013008
"1","author-created deterministic analytical window",356.091108541422,84.7831685109776,"surface",185.216831489022,"slope",103666,0.771333888758782,"1_12",0,710385.645729839,1976898,-677.619995117188,11.4886852169042
"1","author-created deterministic analytical window",356.091108541422,84.7831685109776,"surface",185.216831489022,"slope",103666,0.771333888758782,"1_12",63.4205999235128,710391.412256269,1976961.15789474,-663.570007324219,14.3653905668138
"1","author-created deterministic analytical window",356.091108541422,84.7831685109776,"surface",185.216831489022,"slope",103666,0.771333888758782,"1_12",126.841199847026,710397.178782699,1977024.31578947,-651.300325859453,9.22730634536224
"1","author-created deterministic analytical window",356.091108541422,84.7831685109776,"surface",185.216831489022,"slope",103666,0.771333888758782,"1_12",190.261799770538,710402.945309129,1977087.47368421,-640.489736456612,6.91661274178111
"1","author-created deterministic analytical window",356.091108541422,84.7831685109776,"surface",185.216831489022,"slope",103666,0.771333888758782,"1_12",253.682399694051,710408.711835559,1977150.63157895,-630.598388120255,10.6030253978438
"1","author-created deterministic analytical window",356.091108541422,84.7831685109776,"surface",185.216831489022,"slope",103666,0.771333888758782,"1_12",317.102999617564,710414.478361989,1977213.78947368,-625.157886787914,33.9759020349397
"1","author-created deterministic analytical window",356.091108541422,84.7831685109776,"surface",185.216831489022,"slope",103666,0.771333888758782,"1_12",380.523599541077,710420.244888419,1977276.94736842,-620.612100701573,6.29318998486735
"1","author-created deterministic analytical window",356.091108541422,84.7831685109776,"surface",185.216831489022,"slope",103666,0.771333888758782,"1_12",443.944199464589,710426.011414849,1977340.10526316,-608.825668992034,17.8502443747011
"1","author-created deterministic analytical window",356.091108541422,84.7831685109776,"surface",185.216831489022,"slope",103666,0.771333888758782,"1_12",507.364799388102,710431.777941279,1977403.26315789,-594.798840068827,16.9839227622446
"1","author-created deterministic analytical window",356.091108541422,84.7831685109776,"surface",185.216831489022,"slope",103666,0.771333888758782,"1_12",570.785399311615,710437.544467709,1977466.42105263,-580.523419831862,21.2656349537514
"1","author-created deterministic analytical window",356.091108541422,84.7831685109776,"surface",185.216831489022,"slope",103666,0.771333888758782,"1_12",634.205999235128,710443.310994139,1977529.57894737,-567.156800927879,17.7248046041481
"1","author-created deterministic analytical window",356.091108541422,84.7831685109776,"surface",185.216831489022,"slope",103666,0.771333888758782,"1_12",697.62659915864,710449.077520569,1977592.73684211,-550.731337043576,14.9794314113831
"1","author-created deterministic analytical window",356.091108541422,84.7831685109776,"surface",185.216831489022,"slope",103666,0.771333888758782,"1_12",761.047199082153,710454.844046999,1977655.89473684,-534.549987792969,16.2326206784413
"1","author-created deterministic analytical window",356.091108541422,84.7831685109776,"surface",185.216831489022,"slope",103666,0.771333888758782,"1_12",824.467799005666,710460.610573429,1977719.05263158,-519.708725175874,13.796946900153
"1","author-created deterministic analytical window",356.091108541422,84.7831685109776,"surface",185.216831489022,"slope",103666,0.771333888758782,"1_12",887.888398929179,710466.377099859,1977782.21052632,-503.20336754065,15.3691733806756
"1","author-created deterministic analytical window",356.091108541422,84.7831685109776,"surface",185.216831489022,"slope",103666,0.771333888758782,"1_12",951.308998852691,710472.143626289,1977845.36842105,-483.735289103901,14.020077959569
"1","author-created deterministic analytical window",356.091108541422,84.7831685109776,"surface",185.216831489022,"slope",103666,0.771333888758782,"1_12",1014.7295987762,710477.910152719,1977908.52631579,-466.699579731986,10.3377370833137
"1","author-created deterministic analytical window",356.091108541422,84.7831685109776,"surface",185.216831489022,"slope",103666,0.771333888758782,"1_12",1078.15019869972,710483.676679149,1977971.68421053,-448.049987792969,10.5325237788766
"1","author-created deterministic analytical window",356.091108541422,84.7831685109776,"surface",185.216831489022,"slope",103666,0.771333888758782,"1_12",1141.57079862323,710489.443205579,1978034.84210526,-424.437788462088,15.7904516838918
"1","author-created deterministic analytical window",356.091108541422,84.7831685109776,"surface",185.216831489022,"slope",103666,0.771333888758782,"1_12",1204.99139854674,710495.209732009,1978098,-398.556984244533,20.436171545087
"1","author-created deterministic analytical window",456.091108541422,84.7831685109776,"surface",185.216831489022,"slope",103666,0.771333888758782,"1_13",0,710285.22977996,1976898,-689.682990669617,23.0791689598552
"1","author-created deterministic analytical window",456.091108541422,84.7831685109776,"surface",185.216831489022,"slope",103666,0.771333888758782,"1_13",63.4205999235128,710290.99630639,1976961.15789474,-674.299987792969,10.0715734704067
"1","author-created deterministic analytical window",456.091108541422,84.7831685109776,"surface",185.216831489022,"slope",103666,0.771333888758782,"1_13",126.841199847026,710296.76283282,1977024.31578947,-665.811436702796,17.5023873913158
"1","author-created deterministic analytical window",456.091108541422,84.7831685109776,"surface",185.216831489022,"slope",103666,0.771333888758782,"1_13",190.261799770538,710302.52935925,1977087.47368421,-651.402347888129,23.6448723864785
"1","author-created deterministic analytical window",456.091108541422,84.7831685109776,"surface",185.216831489022,"slope",103666,0.771333888758782,"1_13",253.682399694051,710308.29588568,1977150.63157895,-641.193926359468,9.19547923044974
"1","author-created deterministic analytical window",456.091108541422,84.7831685109776,"surface",185.216831489022,"slope",103666,0.771333888758782,"1_13",317.102999617564,710314.06241211,1977213.78947368,-627.499682915933,27.9673521803017
"1","author-created deterministic analytical window",456.091108541422,84.7831685109776,"surface",185.216831489022,"slope",103666,0.771333888758782,"1_13",380.523599541077,710319.82893854,1977276.94736842,-613.570923171731,33.214150845304
"1","author-created deterministic analytical window",456.091108541422,84.7831685109776,"surface",185.216831489022,"slope",103666,0.771333888758782,"1_13",443.944199464589,710325.59546497,1977340.10526316,-603.516554982971,26.9293504362059
"1","author-created deterministic analytical window",456.091108541422,84.7831685109776,"surface",185.216831489022,"slope",103666,0.771333888758782,"1_13",507.364799388102,710331.3619914,1977403.26315789,-589.69262758581,22.8287633700026
"1","author-created deterministic analytical window",456.091108541422,84.7831685109776,"surface",185.216831489022,"slope",103666,0.771333888758782,"1_13",570.785399311615,710337.12851783,1977466.42105263,-576.63662911232,20.4086330714658
"1","author-created deterministic analytical window",456.091108541422,84.7831685109776,"surface",185.216831489022,"slope",103666,0.771333888758782,"1_13",634.205999235128,710342.89504426,1977529.57894737,-562.879466809785,20.1045791956091
"1","author-created deterministic analytical window",456.091108541422,84.7831685109776,"surface",185.216831489022,"slope",103666,0.771333888758782,"1_13",697.62659915864,710348.66157069,1977592.73684211,-547.701641220536,23.8221201445156
"1","author-created deterministic analytical window",456.091108541422,84.7831685109776,"surface",185.216831489022,"slope",103666,0.771333888758782,"1_13",761.047199082153,710354.42809712,1977655.89473684,-531.924847911153,14.6528999873366
"1","author-created deterministic analytical window",456.091108541422,84.7831685109776,"surface",185.216831489022,"slope",103666,0.771333888758782,"1_13",824.467799005666,710360.19462355,1977719.05263158,-516.300334741474,11.1432589761415
"1","author-created deterministic analytical window",456.091108541422,84.7831685109776,"surface",185.216831489022,"slope",103666,0.771333888758782,"1_13",887.888398929179,710365.96114998,1977782.21052632,-498.697894834382,10.9188832316282
"1","author-created deterministic analytical window",456.091108541422,84.7831685109776,"surface",185.216831489022,"slope",103666,0.771333888758782,"1_13",951.308998852691,710371.72767641,1977845.36842105,-481.74785219343,9.72846186520867
"1","author-created deterministic analytical window",456.091108541422,84.7831685109776,"surface",185.216831489022,"slope",103666,0.771333888758782,"1_13",1014.7295987762,710377.49420284,1977908.52631579,-461.979131984507,7.8143390545131
"1","author-created deterministic analytical window",456.091108541422,84.7831685109776,"surface",185.216831489022,"slope",103666,0.771333888758782,"1_13",1078.15019869972,710383.26072927,1977971.68421053,-441.649680549766,15.818719268962
"1","author-created deterministic analytical window",456.091108541422,84.7831685109776,"surface",185.216831489022,"slope",103666,0.771333888758782,"1_13",1141.57079862323,710389.0272557,1978034.84210526,-418.869995117187,9.62284669396521
"1","author-created deterministic analytical window",456.091108541422,84.7831685109776,"surface",185.216831489022,"slope",103666,0.771333888758782,"1_13",1204.99139854674,710394.79378213,1978098,-394.016059196481,17.9116510895592
"1","author-created deterministic analytical window",556.091108541422,84.7831685109776,"surface",185.216831489022,"slope",103666,0.771333888758782,"1_14",0,710184.813830081,1976898,-728.112072197331,6.11274541048224
"1","author-created deterministic analytical window",556.091108541422,84.7831685109776,"surface",185.216831489022,"slope",103666,0.771333888758782,"1_14",63.4205999235128,710190.580356511,1976961.15789474,-709.743306576413,31.9312574181958
"1","author-created deterministic analytical window",556.091108541422,84.7831685109776,"surface",185.216831489022,"slope",103666,0.771333888758782,"1_14",126.841199847026,710196.346882941,1977024.31578947,-696.429992675781,12.8821267314413
"1","author-created deterministic analytical window",556.091108541422,84.7831685109776,"surface",185.216831489022,"slope",103666,0.771333888758782,"1_14",190.261799770538,710202.113409371,1977087.47368421,-686.059883282462,15.3185926068885
"1","author-created deterministic analytical window",556.091108541422,84.7831685109776,"surface",185.216831489022,"slope",103666,0.771333888758782,"1_14",253.682399694051,710207.879935801,1977150.63157895,-670.62248734667,15.3575535705718
"1","author-created deterministic analytical window",556.091108541422,84.7831685109776,"surface",185.216831489022,"slope",103666,0.771333888758782,"1_14",317.102999617564,710213.646462231,1977213.78947368,-656.417634662817,16.6175366808782
"1","author-created deterministic analytical window",556.091108541422,84.7831685109776,"surface",185.216831489022,"slope",103666,0.771333888758782,"1_14",380.523599541077,710219.412988661,1977276.94736842,-644.089550803027,22.342209328804
"1","author-created deterministic analytical window",556.091108541422,84.7831685109776,"surface",185.216831489022,"slope",103666,0.771333888758782,"1_14",443.944199464589,710225.179515091,1977340.10526316,-629.062655800196,28.5070116233078
"1","author-created deterministic analytical window",556.091108541422,84.7831685109776,"surface",185.216831489022,"slope",103666,0.771333888758782,"1_14",507.364799388102,710230.946041521,1977403.26315789,-612.652348568541,22.583248106564
"1","author-created deterministic analytical window",556.091108541422,84.7831685109776,"surface",185.216831489022,"slope",103666,0.771333888758782,"1_14",570.785399311615,710236.712567951,1977466.42105263,-594.663896474247,35.6694948115018
"1","author-created deterministic analytical window",556.091108541422,84.7831685109776,"surface",185.216831489022,"slope",103666,0.771333888758782,"1_14",634.205999235128,710242.479094381,1977529.57894737,-573.062965352464,26.5096182213724
"1","author-created deterministic analytical window",556.091108541422,84.7831685109776,"surface",185.216831489022,"slope",103666,0.771333888758782,"1_14",697.62659915864,710248.245620811,1977592.73684211,-559.964317414351,27.3006784185462
"1","author-created deterministic analytical window",556.091108541422,84.7831685109776,"surface",185.216831489022,"slope",103666,0.771333888758782,"1_14",761.047199082153,710254.012147241,1977655.89473684,-540.183370578256,40.1510066145209
"1","author-created deterministic analytical window",556.091108541422,84.7831685109776,"surface",185.216831489022,"slope",103666,0.771333888758782,"1_14",824.467799005666,710259.778673671,1977719.05263158,-528.481142130392,14.7520816584584
"1","author-created deterministic analytical window",556.091108541422,84.7831685109776,"surface",185.216831489022,"slope",103666,0.771333888758782,"1_14",887.888398929179,710265.545200101,1977782.21052632,-511.385511776033,33.4243952592722
"1","author-created deterministic analytical window",556.091108541422,84.7831685109776,"surface",185.216831489022,"slope",103666,0.771333888758782,"1_14",951.308998852691,710271.311726531,1977845.36842105,-496.344609474887,41.7251043883797
"1","author-created deterministic analytical window",556.091108541422,84.7831685109776,"surface",185.216831489022,"slope",103666,0.771333888758782,"1_14",1014.7295987762,710277.078252961,1977908.52631579,-475.809997558594,8.6534883429423
"1","author-created deterministic analytical window",556.091108541422,84.7831685109776,"surface",185.216831489022,"slope",103666,0.771333888758782,"1_14",1078.15019869972,710282.844779391,1977971.68421053,-451.626828174858,10.382785593499
"1","author-created deterministic analytical window",556.091108541422,84.7831685109776,"surface",185.216831489022,"slope",103666,0.771333888758782,"1_14",1141.57079862323,710288.611305821,1978034.84210526,-432.760009765625,14.4725057522935
"1","author-created deterministic analytical window",556.091108541422,84.7831685109776,"surface",185.216831489022,"slope",103666,0.771333888758782,"1_14",1204.99139854674,710294.377832251,1978098,-404.649993896484,16.5350196114774
"1","author-created deterministic analytical window",656.091108541422,84.7831685109776,"surface",185.216831489022,"slope",103666,0.771333888758782,"1_15",0,710098,1977046.97725014,-683.390268605626,13.7499350789446
"1","author-created deterministic analytical window",656.091108541422,84.7831685109776,"surface",185.216831489022,"slope",103666,0.771333888758782,"1_15",55.5470777744395,710103.050625388,1977102.29423698,-670.812551407188,23.4548128961076
"1","author-created deterministic analytical window",656.091108541422,84.7831685109776,"surface",185.216831489022,"slope",103666,0.771333888758782,"1_15",111.094155548879,710108.101250776,1977157.61122381,-657.934224373659,13.2524179104427
"1","author-created deterministic analytical window",656.091108541422,84.7831685109776,"surface",185.216831489022,"slope",103666,0.771333888758782,"1_15",166.641233323318,710113.151876164,1977212.92821064,-646.884860141144,21.6979511704117
"1","author-created deterministic analytical window",656.091108541422,84.7831685109776,"surface",185.216831489022,"slope",103666,0.771333888758782,"1_15",222.188311097758,710118.202501552,1977268.24519748,-632.780029296875,13.1716892052262
"1","author-created deterministic analytical window",656.091108541422,84.7831685109776,"surface",185.216831489022,"slope",103666,0.771333888758782,"1_15",277.735388872197,710123.25312694,1977323.56218431,-622.750786312952,21.8649132467387
"1","author-created deterministic analytical window",656.091108541422,84.7831685109776,"surface",185.216831489022,"slope",103666,0.771333888758782,"1_15",333.282466646637,710128.303752328,1977378.87917115,-612.840026855469,10.5045302381868
"1","author-created deterministic analytical window",656.091108541422,84.7831685109776,"surface",185.216831489022,"slope",103666,0.771333888758782,"1_15",388.829544421076,710133.354377716,1977434.19615798,-599.722317075738,26.7558164840598
"1","author-created deterministic analytical window",656.091108541422,84.7831685109776,"surface",185.216831489022,"slope",103666,0.771333888758782,"1_15",444.376622195516,710138.405003104,1977489.51314482,-583.400950289077,21.4430126599978
"1","author-created deterministic analytical window",656.091108541422,84.7831685109776,"surface",185.216831489022,"slope",103666,0.771333888758782,"1_15",499.923699969955,710143.455628492,1977544.83013165,-579.104025119359,16.5584485766977
"1","author-created deterministic analytical window",656.091108541422,84.7831685109776,"surface",185.216831489022,"slope",103666,0.771333888758782,"1_15",555.470777744395,710148.50625388,1977600.14711849,-564.080017089844,12.9022231503319
"1","author-created deterministic analytical window",656.091108541422,84.7831685109776,"surface",185.216831489022,"slope",103666,0.771333888758782,"1_15",611.017855518834,710153.556879268,1977655.46410532,-552.337295188641,9.6032880098089
"1","author-created deterministic analytical window",656.091108541422,84.7831685109776,"surface",185.216831489022,"slope",103666,0.771333888758782,"1_15",666.564933293273,710158.607504656,1977710.78109216,-541.498892879967,12.6925778127256
"1","author-created deterministic analytical window",656.091108541422,84.7831685109776,"surface",185.216831489022,"slope",103666,0.771333888758782,"1_15",722.112011067713,710163.658130044,1977766.09807899,-525.192464139187,17.216382809455
"1","author-created deterministic analytical window",656.091108541422,84.7831685109776,"surface",185.216831489022,"slope",103666,0.771333888758782,"1_15",777.659088842152,710168.708755432,1977821.41506583,-508.985233998397,40.9692430513569
"1","author-created deterministic analytical window",656.091108541422,84.7831685109776,"surface",185.216831489022,"slope",103666,0.771333888758782,"1_15",833.206166616592,710173.75938082,1977876.73205266,-488.978360768244,17.4813633752991
"1","author-created deterministic analytical window",656.091108541422,84.7831685109776,"surface",185.216831489022,"slope",103666,0.771333888758782,"1_15",888.753244391031,710178.810006208,1977932.0490395,-478.294795434598,15.5110820429223
"1","author-created deterministic analytical window",656.091108541422,84.7831685109776,"surface",185.216831489022,"slope",103666,0.771333888758782,"1_15",944.300322165471,710183.860631596,1977987.36602633,-467.070007324219,6.04032455183602
"1","author-created deterministic analytical window",656.091108541422,84.7831685109776,"surface",185.216831489022,"slope",103666,0.771333888758782,"1_15",999.84739993991,710188.911256984,1978042.68301317,-446.066476185482,33.4183599236746
"1","author-created deterministic analytical window",656.091108541422,84.7831685109776,"surface",185.216831489022,"slope",103666,0.771333888758782,"1_15",1055.39447771435,710193.961882373,1978098,-423.799987792969,21.7538401551878
